ORP,uroven,Hladina,Teplota,Vlhkost,Posledni_mereni,Nazev,Obec,Adresa,GPS_souradnice,Tok,SiteGuid,Wgs84Lon,Wgs84Lat,GeoposCode,GeoposLonX,GeoposLatY,SiteOperator,WaterwayCode,HydroOrderNum,ProfileWatcherClass,RiverDistance,RiverDistanceUnit,ZeroGaugeElevation,ZeroGaugeElevationUnit
BI-01,NORMAL,10.0,14.1,48.9,2025-05-23 20:16:55,Bílina,Hrobčice (Razice),"Hrobčice 41, , 41757, Hrobčice","50,5222167937476, 13,810255950474",Mukovský potok,F18FEF75-4E4F-45BA-8814-99D682FD8158,13.8103,50.5222,JTSK-KROVAK,989036.0,779124.0,Ustecky kraj,144380000100,1-14-01-047,C,1.713,km,326.58,m.n.m.
BI-02,NORMAL,34.0,13.3,56.8,2025-05-23 19:30:33,Bílina,Hrobčice (Tvrdín),"Hrobčice 41, , 41757, Hrobčice","50,5034193063844, 13,8033304187447",Syčivka,BC1ED0F7-7C2C-4247-AAE3-86D42452AB17,13.8033,50.5034,JTSK-KROVAK,991034.0,779912.0,Ustecky kraj,144370000100,1-14-01-046,C,7.385,km,363.22,m.n.m.
BI-03,NORMAL,1.0,16.0,41.3,2025-05-23 20:11:21,Bílina,Měrunice,"Měrunice 67, 418 04, Měrunice","50,480234327012, 13,8178905028671",Lužický potok,91589F23-A713-4937-BC87-7D4E66615526,13.8179,50.4802,JTSK-KROVAK,993735.0,779262.0,Ustecky kraj,144340000100,1-14-01-043,C,8.54,km,400.05,m.n.m.
BI-04,NORMAL,21.0,13.6,55.4,2025-05-23 19:51:45,Bílina,Hrobčice (Mirošovice),"Hrobčice 41, , 41757, Hrobčice","50,5047296623691, 13,785606707471",Liběšický potok,8B23F827-6A2A-41DC-9BAD-49E5F2025098,13.7856,50.5047,JTSK-KROVAK,990708.0,781135.0,Ustecky kraj,144360200400,1-14-01-045/3,C,3.758,km,340.9,m.n.m.
CH-04,NELZE,,,,,Chomutov,Výsluní (Úbočí),"Městský úřad Kadaň, Mírové náměstí 1, 43201, Kadaň","50,4495765686302, 13,2424265641589",Prunéřovský potok,79E39877-DBFA-4694-8B7B-202176C6A141,13.2424,50.4496,JTSK-KROVAK,991057.0,820172.0,Ustecky kraj,142330200100,1-13-02-113,C,11.416,km,516.51,m.n.m.
DE-01,NORMAL,4.0,15.5,51.2,2025-05-23 20:25:58,Děčín,Huntířov,"Huntířov 126, 40502, Děčín","50,7942520942208, 14,3129485136455",Olešnička,F535954E-E28C-4663-88A8-829E562978EB,14.3129,50.7943,JTSK-KROVAK,964091.0,739667.0,Ustecky kraj,146350000100,1-14-05-010,C,6.412,km,316.86,m.n.m.
DE-04,NORMAL,8.0,14.6,55.3,2025-05-23 20:07:05,Děčín,Merboltice (Sluková),"Merboltice 53, 40502, Děčín","50,6816247522064, 14,2990346315471",Merboltický potok,5BECD568-5E9E-40B4-B49F-A39D12A1C38D,14.299,50.6816,JTSK-KROVAK,976365.0,742366.0,Ustecky kraj,145990000100,1-14-03-089,C,8.854,km,501.42,m.n.m.
DE-11,NORMAL,8.0,15.2,49.1,2025-05-23 19:56:49,Děčín,Heřmanov (Fojtovice),"Heřmanov 13, 40502, Děčín","50,713929, 14,270893",Fojtovický potok,48B1BB63-BC4E-4C60-8F40-CB1F831D190E,14.2731,50.7165,JTSK-KROVAK,972268.0,743643.0,Ustecky kraj,146030000100,1-14-03-093,C,4.086,km,347.61,m.n.m.
DE-12,NORMAL,14.0,11.2,63.9,2025-05-23 19:59:04,Děčín,Česká Kamenice (Kerhartice),"Náměstí Míru 219, 40721, Česká Kamenice","50,7706081, 14,3979750",Bystrá,F5A9061D-ED67-49F9-B47D-D87CF7B8E918,14.3938,50.7732,JTSK-KROVAK,967195.0,734337.0,Ustecky kraj,146070000100,1-14-03-099,C,12.541,km,278.51,m.n.m.
DE-13,NORMAL,17.0,15.9,47.4,2025-05-23 20:22:14,Děčín,Horní Habartice,"Horní Habartice 187, 40502, Děčín","50,7668597238304, 14,3440674558833",Bystrá,3DEA8AC9-76D6-4AFB-BEDA-83234E1E6826,14.3441,50.7669,JTSK-KROVAK,967411.0,737912.0,Ustecky kraj,146070000100,1-14-03-099,C,5.811,km,237.29,m.n.m.
DE-14,NORMAL,23.0,13.2,82.7,2025-05-23 20:01:03,Děčín,Heřmanov (Blankartice),"Heřmanov 13, 40502, Děčín","50,6986801363903, 14,2988405986118",Dolský potok,C5BAFAE3-19DA-4BF7-AE48-63EF5160DFC0,14.2988,50.6987,JTSK-KROVAK,974484.0,742118.0,Ustecky kraj,146040000100,1-14-03-094,C,4.227,km,478.51,m.n.m.
DE-15,NORMAL,19.0,14.0,56.1,2025-05-23 19:54:27,Děčín,Doubice,"Doubice 50, 407 47, Doubice","50,8886411, 14,4562444",Doubický potok,901288002342649,50.8886,14.4562,JTSK-KROVAK,111111.0,111111.0,Ustecky kraj,10222536,1-14-05-0150,C,2.935,km,375.0,m.n.m.
KA-01,SUCHO,-8.0,0.0,0.0,2025-05-23 20:20:10,Kadaň,Vejprty,"Městský úřad Vejprty, Tylova 870/6, 43191, Vejprty","50,4894015534968, 13,032858413442",Vejprtský potok,8685EB77-376C-4E43-999A-1CFD0A4F7FC3,13.0329,50.4894,JTSK-KROVAK,984399.0,834194.0,Ustecky kraj,147460000100,1-15-03-007,C,1.24,km,728.26,m.n.m.
KA-05,NORMAL,8.0,17.4,44.6,2025-05-23 20:02:47,Kadaň,Radonice (Kadaňský Rohozec),"Radonice 1, 43155, Radonice","50,2786830915214, 13,224259972197",Travná,14769103-F758-4242-9B14-7671707EAC1D,13.2243,50.2787,JTSK-KROVAK,1009650.0,824339.0,Ustecky kraj,142420100200,1-13-03-003/2,C,0.575,km,380.97,m.n.m.
KA-06,NELZE,,,,,Kadaň,Veliká Ves,"Obecní úřad Veliká Ves, Podlesice 53, 44101, Podbořany","50,2684840765092, 13,3743651586952",Dubá II,D83950E4-596F-4CD7-91C3-C3DAAACA97CD,13.3744,50.2685,JTSK-KROVAK,1012390.0,813934.0,Ustecky kraj,142520000100,1-15-03-017,C,1.813,km,273.12,m.n.m.
KA-07,SUCHO,-10.0,13.5,56.2,2025-05-23 19:42:34,Kadaň,Veliká Ves (Nové Třebčice),"Obecní úřad Veliká Ves, Podlesice 53, 44101, Podbořany","50,2814773447222, 13,3538995331066",Třebčický potok,0112291A-4751-4CFF-BF31-D7012F9F12AF,13.3539,50.2815,JTSK-KROVAK,1010740.0,815159.0,Ustecky kraj,142540000100,1-13-03-019,C,4.569,km,285.94,m.n.m.
KA-08,NELZE,,,,,Kadaň,Kadaň (Úhošťany),"Městský úřad Kadaň, Mírové náměstí 1, 43201, Kadaň","50,3534411499224, 13,2590235253303",Úhošťanský potok,0D8F7F33-7E4C-4E47-915B-033AE2A38763,13.259,50.3534,JTSK-KROVAK,1001800.0,820629.0,Ustecky kraj,142340000100,1-13-02-118,C,6.245,km,384.77,m.n.m.
KA-11,SUCHO,-1.0,11.3,59.6,2025-05-23 19:39:49,Kadaň,Radonice (Háj),"Radonice 1, 43155, Radonice","50,2878673299185,  13,2441355121162",Hájský potok,0EBFB74F-874D-40E8-81C8-AA779A5946F7,13.2441,50.2879,JTSK-KROVAK,1008850.0,822784.0,Ustecky kraj,142430100200,1-13-03-005,C,1.753,km,360.72,m.n.m.
KA-12,VYPNUTO,,,,,Kadaň,Domašín,"Louchov 20, 43151, Klášterec nad Ohří","50,4261800248152, 13,1780872549651",Podmileský potok,B3FDD129-C937-4AEC-8957-C6657D5A6F09,13.1781,50.4262,JTSK-KROVAK,992933.0,825086.0,Ustecky kraj,142250000100,1-13-02-099/2,C,6.249,km,542.63,m.n.m.
KA-13,NORMAL,3.0,10.0,70.4,2025-05-23 19:55:56,Kadaň,Perštejn (Rájov),"Hlavní 159, 43163, Perštejn","50,3941220461911, 13,0831428851008",Hučivý potok,7279B629-2CB3-482B-8DB4-B93E0FF35971,13.0831,50.3941,JTSK-KROVAK,995421.0,832301.0,Ustecky kraj,142150000100,1-13-02-089,C,4.43,km,541.14,m.n.m.
KA-14,NORMAL,2.0,13.9,57.4,2025-05-23 19:35:00,Kadaň,Perštejn,"Hlavní 159, 43163, Perštejn","50,3834591692329, 13,1114004571413",Malodolský potok,DFB194A8-9303-40FD-B5D8-31307C13A927,13.1114,50.3835,JTSK-KROVAK,996902.0,830498.0,Ustecky kraj,142160000100,1-13-02-090,C,1.176,km,361.87,m.n.m.
KA-16,NORMAL,19.0,18.5,77.6,2025-05-23 20:05:26,Kadaň,Radonice (Kadaňský Rohozec),"Radonice 1, 43155, Radonice","50,2814995781149, 13,2284717119719",Liboc,685DB6A2-4A8F-4A18-924E-1BDDB463394E,13.2285,50.2815,JTSK-KROVAK,1009380.0,823995.0,Ustecky kraj,142400000100,1-13-03-003/2,C,25.154,km,367.65,m.n.m.
KA-17,NORMAL,8.0,14.6,48.1,2025-05-23 20:22:49,Kadaň,Krásný Dvůr (Brody),"Krásný Dvůr 117, 43972, Krásný Dvůr","50,2459871646041, 13,3388636104548",Leska,97D0540E-3F45-4A0A-A4C5-918C26AB60DD,13.3389,50.246,JTSK-KROVAK,1014480.0,816813.0,Ustecky kraj,142470000100,1-13-03-014,C,12.18,km,328.81,m.n.m.
KA-18,SUCHO,-9.0,0.0,0.0,2025-05-23 19:19:15,Kadaň,Klášterec nad Ohří,"Městský úřad, nám. Dr. E. Beneše 85, 43151, Klášterec nad Ohří","50,3994928, 13,1790845",Klášterecký potok,eui-24e124713d168111-vzdalenost-03,13.1791,50.3994,JTSK-KROVAK,0.0,0.0,Ustecky kraj,Neznámý,1-13-02-1000,C,1.73,km,,m.n.m.
KA-19,SUCHO,0.0,0.0,0.0,2025-05-23 20:29:27,Kadaň,Klášterec nad Ohří,"Městský úřad, nám. Dr. E. Beneše 85, 43151, Klášterec nad Ohří","50,3876282, 13,1888780",Podmileský potok,eui-24e124713d321868-vzdalenost-04,13.1887,50.3875,JTSK-KROVAK,0.0,0.0,Ustecky kraj,Neznámý,1-13-02-0994,C,0.77,km,,m.n.m.
KA-20,NORMAL,7.0,0.0,0.0,2025-05-23 20:26:53,Kadaň,Klášterec nad Ohří,"Městský úřad, nám. Dr. E. Beneše 85, 43151, Klášterec nad Ohří","50,3877801, 13,1651748",Široký potok,eui-24e124713d167570-vzdalenost-02,13.1652,50.3877,JTSK-KROVAK,0.0,0.0,Ustecky kraj,Neznámý,Neznámý,C,1.02,km,,m.n.m.
LI-02,NORMAL,9.0,12.5,60.4,2025-05-23 20:09:43,Litoměřice,Ploskovice (Starý Mlýnec),"Ploskovice č.p. 2, 41142, Ploskovice","50,587826014397,  14,2183108387489",Luční potok,85277121-C9A4-4CA1-82E4-6DE6F342237E,14.2183,50.5878,JTSK-KROVAK,985908.0,749466.0,Ustecky kraj,139500000100,1-12-03-076,C,9.522,km,265.41,m.n.m.
LI-03,NORMAL,83.0,12.3,90.3,2025-05-23 19:53:11,Litoměřice,Býčkovice,"Býčkovice 57, 41201, Litoměřice","50,5594816795427, 14,2159466118565",Luční potok,1230B046-CB3C-4851-9CFB-DEBB99018BB5,14.2159,50.5595,JTSK-KROVAK,989007.0,750070.0,Ustecky kraj,139500000100,1-12-03-080,C,5.735,km,200.06,m.n.m.
LI-04,NORMAL,20.0,13.6,61.3,2025-05-23 20:04:28,Litoměřice,Ploskovice (Vinné),"Ploskovice č.p. 2, 41142, Ploskovice","50,5847383697093, 14,207227665175",Trojhorský potok,DC9B4552-4E55-4D64-9CF6-C60D307A8A5F,14.2072,50.5847,JTSK-KROVAK,986139.0,750291.0,Ustecky kraj,139530000100,1-12-03-077,C,1.206,km,254.31,m.n.m.
LI-05,NORMAL,27.0,11.2,62.2,2025-05-23 19:47:56,Litoměřice,Ústěk,"Městský úřad, Mírové náměstí 83, 41145, Úštěk","50,5806289199697, 14,325777040195",Loubní potok,6ADA279E-0529-4652-9417-9151A1F172FC,14.3258,50.5806,JTSK-KROVAK,987753.0,742039.0,Ustecky kraj,139300000100,1-12-03-051,C,1.962,km,238.15,m.n.m.
LT-02,NORMAL,5.0,10.1,59.5,2025-05-23 20:03:06,Litvínov,Hora Svaté Kateřiny,"Městský úřad Hora Svaté Kateřiny, Dlouhá 261, 43546, Hora Svaté Kateřiny","50,6030882411893, 13,4343189517847",Kateřinský potok,78076A0F-082E-4886-A96F-B81B3B4CB99E,13.4343,50.6031,JTSK-KROVAK,976226.0,804149.0,Ustecky kraj,147740000100,1-15-03-035,C,1.125,km,605.67,m.n.m.
LT-03,NORMAL,29.0,11.5,61.9,2025-05-23 19:52:16,Litvínov,Horní Jiřetín,"Potoční 15/1, 43543, Horní Jiřetín","50,5923170114469, 13,5188862436199",Jiřetínský potok,2B49E56A-78FE-4A0A-AD87-396FB15BE3FE,13.5189,50.5923,JTSK-KROVAK,978302.0,798407.0,Ustecky kraj,144221400100,1-14-01-005/6,C,4.784,km,481.74,m.n.m.
LT-04,NORMAL,3.0,9.5,70.3,2025-05-23 19:48:17,Litvínov,Litvínov (Šumná),"Městský úřad Litvínov, náměstí Míru 11, 43601, Litvínov","50,6256959067745, 13,5856154721172",Bílý potok,BFDA05BC-23E9-4705-8661-356DA5248C1F,13.5856,50.6257,JTSK-KROVAK,975328.0,793187.0,Ustecky kraj,144230000100,1-14-01-020,C,9.474,km,444.59,m.n.m.
LT-05,NORMAL,5.0,10.3,71.9,2025-05-23 19:57:44,Litvínov,Litvínov,"Městský úřad Litvínov, náměstí Míru 11, 43601, Litvínov","50,6124250901112, 13,6054785900375",Divoký potok,0D4911C8-C621-4BB3-8A47-C955E189E372,13.6055,50.6124,JTSK-KROVAK,976995.0,792014.0,Ustecky kraj,144240000100,1-14-01-021,C,3.821,km,418.89,m.n.m.
LT-06,SUCHO,0.0,10.1,70.8,2025-05-23 19:55:45,Litvínov,Lom,"Město Lom, náměstí Republiky 13, 43511, Lom","50,6134876909658,  13,6472401255576",Lomský potok,F2381C8C-5538-43F4-AA7C-13D466AB799F,13.6472,50.6135,JTSK-KROVAK,977312.0,789073.0,Ustecky kraj,144510000100,1-14-01-061/3,C,2.928,km,386.55,m.n.m.
LT-07,NORMAL,4.0,9.9,64.3,2025-05-23 20:27:01,Litvínov,Lom (Loučná),"Město Lom, náměstí Republiky 13, 43511, Lom","50,6201557034728, 13,6496514881145",Loučenský potok,ECD238E2-7D5D-4303-86B9-C9926E26CBBF,13.6526,50.6206,JTSK-KROVAK,976585.0,788585.0,Ustecky kraj,144500200100,1-14-01-061/1,C,11.933,km,434.56,m.n.m.
LY-03,NORMAL,13.0,15.4,51.9,2025-05-23 20:06:41,Louny,Blšany u Loun,"Blšany u Loun 2, 44001, Louny 1","50,3475825298067, 13,8505434479204",Smolnický potok,A2B1DF26-C96A-4D04-9A57-C79018FC5C47,13.8505,50.3476,JTSK-KROVAK,1008670.0,779091.0,Ustecky kraj,143610000100,1-13-04-018,C,4.505,km,198.03,m.n.m.
MO-01,SUCHO,0.0,13.6,53.2,2025-05-23 20:07:38,Litvínov,Horní Litvínov,"Městský úřad Litvínov, náměstí Míru 11, 43601, Litvínov","50,600916492972, 13,6307452042834",Radčický potok,40894FA9-24C0-479B-BE6C-F0FB1FFFD099,13.6307,50.6009,JTSK-KROVAK,978524.0,790433.0,Ustecky kraj,144500300100,1-14-01-061/2,C,5.504,km,316.93,m.n.m.
MO-02,NORMAL,24.0,15.5,48.8,2025-05-23 20:04:51,Most,Obrnice,"Mírová 70, 43521, Obrnice","50,508281756761, 13,696717152476",Srpina,773D4A60-BFFB-46EF-AEBD-C9DD4338DC6B,13.6967,50.5083,JTSK-KROVAK,989401.0,787316.0,Ustecky kraj,144240500100,1-14-01-044,C,0.257,km,206.76,m.n.m.
PO-01,NELZE,,,,,Podbořany,Kryry,"Městský úřad Kryry, Hlavní č.p. 1, 43981, Kryry","50,1628001033827, 13,4335954257705",Podvínecký potok,BE92F513-EBD1-4113-B6B7-FB7C6B798EB1,13.4336,50.1628,JTSK-KROVAK,1024640.0,811515.0,Ustecky kraj,142930000100,1-13-03-070,C,1.382,km,307.17,m.n.m.
PO-02,NORMAL,13.0,16.0,51.6,2025-05-23 20:04:57,Podbořany,Vroutek (Vidhostice),"Město Vroutek, náměstí Míru 166, 43982, Vroutek","50,1553065334984, 13,3722028185731",Mlýnecký potok,67C9746E-72CD-46C0-8817-8473B4B250C2,13.3722,50.1553,JTSK-KROVAK,1024810.0,815977.0,Ustecky kraj,142850000100,1-13-03-056,C,3.76,km,333.61,m.n.m.
PO-04,NORMAL,13.0,13.0,61.7,2025-05-23 19:55:40,Podbořany,Blatno,"Blatno č.p. 59, 43984, Blatno","50,0974806395693, 13,3860285207476",Tisový potok,FC44F14E-A0FF-4A99-9C84-67AF83DCC2A1,13.386,50.0975,JTSK-KROVAK,1031320.0,815965.0,Ustecky kraj,142960000100,1-13-03-063,C,1.131,km,412.71,m.n.m.
PO-05,NORMAL,11.0,12.7,86.5,2025-05-23 19:34:44,Podbořany,Kryry,"Městský úřad Kryry, Hlavní č.p. 1, 43981, Kryry","50,1715451083169, 13,4227038432476",Blšanka,627C12C6-5181-4DE8-96AF-DADF70332FD9,13.4227,50.1715,JTSK-KROVAK,1023560.0,812139.0,Ustecky kraj,142780000100,1-13-03-059,C,28.672,km,301.12,m.n.m.
PO-06,NORMAL,10.0,12.9,77.9,2025-05-23 19:04:53,Podbořany,Nepomyšl,"Nepomyšl č.p. 102, 43971, Nepomyšl","50,219596574825, 13,3157460847804",Dolánecký potok,63D8AB5B-ECA5-4EFD-B26A-255987B707C0,13.3157,50.2196,JTSK-KROVAK,1017130.0,818886.0,Ustecky kraj,142560000100,1-13-03-023,C,17.0,km,406.16,m.n.m.
RL-01,SUCHO,-1.0,12.9,63.2,2025-05-23 19:31:06,Roudnice nad Labem,Roudnice nad Labem,"Městský úřad Roudnice nad Labem, Karlovo náměstí 21, 41301, Roudnice nad Labem","50,4144946552693, 14,2471359375539",Čepel,2A32B91F-878F-47BE-884A-84DB6674B68E,14.2471,50.4145,JTSK-KROVAK,1005290.0,750116.0,Ustecky kraj,143870000100,1-13-04-065/1,C,9.263,km,178.06,m.n.m.
RU-01,SUCHO,-2.0,10.8,65.6,2025-05-23 20:01:29,Rumburk,Staré Křečany,"Staré Křečany č.p. 38, 40761, Staré Křečany","50,9561440764411, 14,5082734868689 ",Mandava,3E5CC1E4-6B0F-4251-ADF6-B45D3D4FCD06,14.5083,50.9561,JTSK-KROVAK,948124.0,723591.0,Ustecky kraj,207600000100,2-04-08-001,C,18.275,km,388.16,m.n.m.
RU-03,SUCHO,-10.0,12.9,51.3,2025-05-23 20:28:01,Rumburk,Lipová,"Lipová č.p. 422, 40781, Lipová","51,0111629435684, 14,3587206740479",Liščí potok,361E352B-0583-4798-8648-243D14DE9121,14.3587,51.0112,JTSK-KROVAK,940631.0,733163.0,Ustecky kraj,146760000100,1-15-01-023,C,3.134,km,361.1,m.n.m.
RU-04,NORMAL,2.0,11.0,58.4,2025-05-23 19:57:49,Rumburk,Jiříkov,"Městský úřad Jiříkov, Náměstí 464/1, 40753, Jiříkov","50,9946067396424, 14,5695069931222",Jiříkovský potok,D640459F-E119-4E91-8E1C-C2D7703502EA,14.5695,50.9946,JTSK-KROVAK,944463.0,718753.0,Ustecky kraj,146910000100,1-15-01-038,C,1.898,km,362.21,m.n.m.
RU-05,NORMAL,18.0,15.2,50.1,2025-05-23 20:02:15,Rumburk,Velký Šenov,"Městský úřad Velký Šenov, Mírové náměstí 342, 40778, Velký Šenov","50,9904472756099, 14,3674599156137",Vilémovský potok,16C9C688-1D8F-4C0D-BF6B-9CB43EB8FD52,14.3675,50.9904,JTSK-KROVAK,942998.0,732871.0,Ustecky kraj,146730000100,1-15-01-022,C,6.738,km,343.7,m.n.m.
RU-06,NORMAL,3.0,11.5,57.0,2025-05-23 19:39:03,Rumburk,Mikulášovice,"Městský úřad Mikulášovice, Mikulášovice 1007, 40779, Mikulášovice","50,9659845069215, 14,3593647302857",Mikulášovický potok,3CEB4566-75A2-41CC-B191-B7972CFE8342,14.3594,50.966,JTSK-KROVAK,945616.0,733807.0,Ustecky kraj,146780000100,1-15-01-025,C,3.869,km,411.07,m.n.m.
RU-07,NORMAL,16.0,11.7,57.4,2025-05-23 20:11:28,Rumburk,Velký Šenov (Staré Hraběcí),"Městský úřad Velký Šenov, Mírové náměstí 342, 40778, Velký Šenov","50,9745149812344, 14,398614410576",Vilémovský potok,265FEA04-9083-4BB3-8860-5C7A58473ADE,14.3986,50.9745,JTSK-KROVAK,945053.0,730946.0,Ustecky kraj,146730000100,1-15-01-020,C,10.018,km,395.58,m.n.m.
RU-08,NORMAL,18.0,13.2,52.8,2025-05-23 19:57:07,Rumburk,Šluknov,"Městský úřad Šluknov, náměstí Míru 1, 40777, Šluknov","51,0052886996952, 14,4510969763778",Stříbrný potok,8AF36350-DF90-4129-A6DE-A45392BA18FB,14.4511,51.0053,JTSK-KROVAK,942163.0,726829.0,Ustecky kraj,147020000100,1-15-01-049,C,1.1,km,338.75,m.n.m.
RU-09,SPA3,185.0,14.0,95.5,2025-05-23 19:51:38,Rumburk,Horní Poustevna (Markéta),"Městský úřad Dolní Poustevna, Vilémovská 77, 40782, Dolní Poustevna","51,0033624936459, 14,2982272523865",Luční potok,EB146287-1FD0-481B-9904-2B296FA89CDE,14.2982,51.0034,JTSK-KROVAK,940907.0,737488.0,Ustecky kraj,146810000100,1-15-01-030,C,3.475,km,329.03,m.n.m.
RU-10,NORMAL,9.0,11.7,69.0,2025-05-23 20:01:49,Rumburk,Šluknov,"Městský úřad Šluknov, náměstí Míru 1, 40777, Šluknov","51,0135550119227, 14,4557293518795",Rožanský potok,B53B2FD5-349D-46AA-AD0D-73EE8889B1E5,14.4557,51.0136,JTSK-KROVAK,941296.0,726382.0,Ustecky kraj,146990000100,1-15-01-052,C,2.737,km,325.16,m.n.m.
TE-02,NORMAL,16.0,8.1,75.5,2025-05-23 19:40:46,Teplice,Hrob (Mikulov),"Městský úřad Hrob, U Radnice 234, 41704, Hrob","50,6882308294313, 13,7186765937692",Bouřlivec,AB8852C0-54E0-4AE2-9EC4-86D93ABAF89F,13.7187,50.6882,JTSK-KROVAK,969825.0,782861.0,Ustecky kraj,144470000100,1-14-01-056,C,17.369,km,575.59,m.n.m.
TE-04,SUCHO,-5.0,8.2,66.0,2025-05-23 19:34:17,Teplice,Dubí,"Městský úřad, Ruská 264, 41701, Dubí","50,7032378150571, 13,7643331311578",Bystřice,0EE9A99A-6B88-46F4-857B-9F5CB32CC3C3,13.7643,50.7032,JTSK-KROVAK,968642.0,779427.0,Ustecky kraj,144560000100,1-14-01-073,C,15.259,km,586.21,m.n.m.
TE-05,NORMAL,7.0,11.0,61.5,2025-05-23 20:13:21,Teplice,Proboštov,"Náměstí Svobody 700, 41712, Proboštov","50,6796934057714, 13,8226269507172",Modlanský potok,8A2794DC-2F1D-4A9B-926B-25B8D2C16059,13.8226,50.6797,JTSK-KROVAK,971829.0,775730.0,Ustecky kraj,144790300100,1-14-01-097/3,C,7.649,km,331.15,m.n.m.
TE-06,SUCHO,-1.0,11.2,67.9,2025-05-23 20:04:09,Teplice,Krupka I.,"Město Krupka, Mariánské náměstí 32, 41742, Krupka","50,6814265404171, 13,8422477213018",Zálužanšký potok,0B064AE4-4887-459E-98C9-75747206F727,13.8422,50.6814,JTSK-KROVAK,971838.0,774330.0,Ustecky kraj,144790200100,1-14-01-097/2,C,8.858,km,319.16,m.n.m.
TE-07,NORMAL,1.0,9.6,78.3,2025-05-23 19:53:14,Teplice,Krupka IV.,"Město Krupka, Mariánské náměstí 32, 41742, Krupka","50,6921917185895, 13,8565154959349",Krupský potok,11BC5AD5-1EB0-4A43-A8BE-B782B4C3133B,13.8565,50.6922,JTSK-KROVAK,970798.0,773160.0,Ustecky kraj,144790201800,1-14-01-097/2,C,3.383,km,421.72,m.n.m.
TE-08,NORMAL,1.0,13.6,46.9,2025-05-23 20:20:34,Teplice,Hrob (Křižanov),"Městský úřad Hrob, U Radnice 234, 41704, Hrob","50,6555478700998, 13,7118045605211",Křížanovský potok,B18119CE-FB50-4B5C-8439-813D564DD201,13.7118,50.6555,JTSK-KROVAK,973351.0,783871.0,Ustecky kraj,144480000100,1-14-01-057,C,1.338,km,381.06,m.n.m.
TE-09,SUCHO,0.0,10.4,61.0,2025-05-23 20:28:58,Teplice,Hrob (Křižanov II.),"Městský úřad Hrob, U Radnice 234, 41704, Hrob","50,6554156670906, 13,6976835432921",Domaslavický potok,C8DCC607-442E-47B4-BD47-5F43D3E08DAF,13.6977,50.6554,JTSK-KROVAK,973220.0,784861.0,Ustecky kraj,144490000100,1-14-01-058,C,1.509,km,452.72,m.n.m.
TE-10,NELZE,,,,,Teplice,Krupka II.,"Město Krupka, Mariánské náměstí 32, 41742, Krupka","50,698300, 13,882500",Unčínský potok,3816CDA5-494F-449B-B013-E9B4B374DD83,13.8746,50.7042,JTSK-KROVAK,969663.0,771706.0,Ustecky kraj,144790400200,1-14-01-097/4,C,3.086,km,438.19,m.n.m.
TE-11,NORMAL,11.0,10.8,66.0,2025-05-23 20:11:58,Teplice,Krupka III.,"Město Krupka, Mariánské náměstí 32, 41742, Krupka","50,6901051029933, 13,8945162048432",Maršovský potok,9839ED3E-AEB6-4B03-BA5E-D5F5FC7A4BB2,13.8945,50.6901,JTSK-KROVAK,971413.0,770536.0,Ustecky kraj,144790402200,1-14-01-097/4,C,3.288,km,302.33,m.n.m.
TE-12,NORMAL,7.0,10.3,73.3,2025-05-23 19:40:14,Teplice,Osek (hrad),"Městský úřad Osek, Zahradní 246, 41705, Osek","50,6278229768066, 13,6762487539863",Osecký potok,300DD0B6-29C4-414C-AC8D-9B0AD02A4FA5,13.6762,50.6278,JTSK-KROVAK,976035.0,786809.0,Ustecky kraj,144510300100,1-14-01-063,C,3.559,km,387.25,m.n.m.
TE-13,SUCHO,-9.0,15.1,56.4,2025-05-23 19:33:39,Teplice,Bžany (Mošnov),"Bžany 50, 41501, Teplice","50,5805555638363, 13,877275437388",Luční potok,DC25A978-076A-4C54-AF81-42E85FFDA611,13.8773,50.5806,JTSK-KROVAK,983298.0,773490.0,Ustecky kraj,144540000100,1-14-01-071,C,3.274,km,258.67,m.n.m.
UL-01,NORMAL,56.0,11.0,62.4,2025-05-23 20:26:49,Ústí nad Labem,Velké Chvojno (Žďár),"Velké Chvojno 55, 40334, Velké Chvojno","50,7269152174437, 14,0246765938095",Klíšský potok,E7B4474E-B406-41B5-9BE5-8202D3E2A209,14.0247,50.7269,JTSK-KROVAK,968669.0,760853.0,Ustecky kraj,144860000100,1-14-01-105,C,10.873,km,382.67,m.n.m.
UL-02,NORMAL,12.0,13.9,55.6,2025-05-23 19:31:29,Ústí nad Labem,Chuderov,"Chuderov 63, 40002 Ústí nad Labem","50,688802332807, 14,0461044950204",Chuderovský potok,E1D31887-CEA1-4CF2-9C8A-82B5544F1752,14.0461,50.6888,JTSK-KROVAK,973080.0,759954.0,Ustecky kraj,144880001000,1-14-01-105,C,2.044,km,339.33,m.n.m.
UL-03,NORMAL,13.0,11.1,66.6,2025-05-23 19:37:25,Ústí nad Labem,Ústí nad Labem (Habrovice),"Magistár města, Velká Hradební 2336/8, 40100, Ústí nad Labem","50,703373878546, 13,9962700958005",Bílý potok,983D8C1F-47FB-4FBE-B08A-A919B1470503,13.9963,50.7034,JTSK-KROVAK,970977.0,763210.0,Ustecky kraj,144890000100,1-14-01-106,C,3.0,km,235.65,m.n.m.
UL-04,NORMAL,8.0,14.1,46.4,2025-05-23 20:21:38,Ústí nad Labem,Zubrnice,"Zubrnice 38, 40002, Ústí nad Labem 2","50,6491581694234, 14,2149701657052",Luční potok,CA697679-E1E0-4465-A8BC-01DD1E89BEC4,14.215,50.6492,JTSK-KROVAK,979119.0,748752.0,Ustecky kraj,145050000100,1-14-02-014,C,4.945,km,264.95,m.n.m.
UL-05,NORMAL,6.0,18.8,41.7,2025-05-23 19:51:52,Ústí nad Labem,Ústí nad Labem (Habrovice),"Magistár města, Velká Hradební 2336/8, 40100, Ústí nad Labem","50,6939869232629, 14,0033926681634",Bílý potok,1B5387BC-6AE7-4DA5-B283-1B5EA3F6D32F,14.0034,50.694,JTSK-KROVAK,972082.0,762860.0,Ustecky kraj,144890000100,1-14-01-106,C,1.758,km,224.59,m.n.m.
UL-06,NORMAL,23.0,11.5,57.8,2025-05-23 19:39:53,Ústí nad Labem,Velké Březno (Lhota pod Pannou),"Děčínská 211, 403 23, Velké Březno","50,629975, 14,166491",Homolský potok,4BFADD13-3FB7-4006-B2AA-F560889A606D,14.1721,50.6289,JTSK-KROVAK,980927.0,752070.0,Ustecky kraj,144990000100,1-14-02-008,C,5.51,km,302.05,m.n.m.
UL-07,NORMAL,10.0,14.9,66.3,2025-05-23 20:17:23,Ústí nad Labem,Kojetice,"Magistár města, Velká Hradební 2336/8, 40100, Ústí nad Labem","50,6420730629735,  14,0921598881819",Kojetický potok,BE2F4282-74B1-4C1D-9E6F-A603126B99C4,14.0922,50.6421,JTSK-KROVAK,978685.0,757463.0,Ustecky kraj,144930000100,1-14-02-002,C,2.716,km,334.03,m.n.m.
UL-09,NORMAL,26.0,19.4,72.7,2025-05-23 19:49:42,Ústí nad Labem,Ústí nad Labem (Předlice),"Magistár města, Velká Hradební 2336/8, 40100, Ústí nad Labem","50,660852148049, 13,9820126390295",Ždírnický potok,2AF2F21D-315B-430A-8851-8D93DDF544A0,13.982,50.6609,JTSK-KROVAK,975516.0,764879.0,Ustecky kraj,144760000100,1-14-01-101,C,2.119,km,152.84,m.n.m.
UL-10,NORMAL,30.0,15.0,56.9,2025-05-23 20:20:17,Ústí nad Labem,Ústí nad Labem (Sebuzín),"Magistár města, Velká Hradební 2336/8, 40100, Ústí nad Labem","50,5880136860479, 14,0763504319162",Tlučenský potok,8EAB82E2-3D13-4EE1-B906-0F0C1E6E5EA2,14.0764,50.588,JTSK-KROVAK,984481.0,759417.0,Ustecky kraj,144150000100,1-13-05-018,C,1.286,km,209.73,m.n.m.
UL-13,NORMAL,25.0,11.6,55.9,2025-05-23 20:20:25,Ústí nad Labem,Malečov (Proboštov),"Malečov 36, 40327, Malečov","50,6248082865098, 14,1514815890947",Proboštovský potok,B859ED3D-244D-4024-8C97-C871BF52236E,14.1515,50.6248,JTSK-KROVAK,981175.0,753577.0,Ustecky kraj,145000000100,1-14-02-009,C,1.731,km,362.14,m.n.m.
UL-19,NORMAL,11.0,11.8,62.9,2025-05-23 19:37:11,Ústí nad Labem,Ústí nad Labem (Olešnice),"Magistár města, Velká Hradební 2336/8, 40100, Ústí nad Labem","50,6609818596666, 14,1186901051882",Olešnický potok,CF729571-D11B-4A7D-8C89-7BE31F983C6C,14.1187,50.661,JTSK-KROVAK,976866.0,755310.0,Ustecky kraj,144970000100,1-14-02-006,C,2.0,km,196.61,m.n.m.
UL-20,SUCHO,-2.0,14.6,52.6,2025-05-23 20:08:59,Ústí nad Labem,Řehlovice (Stadice),"Řehlovice 1, 40313, Řehlovice","50,6196385732663, 13,9772497689936",Bílina,73ECDD1A-9933-49A2-BB2B-76CEDA6D3923,13.9773,50.6196,JTSK-KROVAK,980006.0,765864.0,Ustecky kraj,144190000100,1-14-01-086,C,9.386,km,149.87,m.n.m.
UL-21,NORMAL,8.0,15.6,54.1,2025-05-23 19:37:41,Ústí nad Labem,Zubrnice,"Zubrnice 38, 40002, Ústí nad Labem 2","50,6528953393608, 14,2240977500834",Zubrnický potok,145E3223-BFBB-4351-89E1-E38B5CED1C34,14.2241,50.6529,JTSK-KROVAK,978797.0,748055.0,Ustecky kraj,145050006800,1-14-02-014,C,0.862,km,322.59,m.n.m.
